rows,cols
3532,3058
3534,3058
3535,3058
3536,3058
3532,3059
3533,3059
3534,3059
3535,3059
3536,3059
3532,3060
3533,3060
3534,3060
3535,3060
3536,3060
3537,3060
3531,3061
3532,3061
3533,3061
3534,3061
3535,3061
3536,3061
3537,3061
3538,3061
3539,3061
3530,3062
3531,3062
3532,3062
3533,3062
3534,3062
3535,3062
3536,3062
3537,3062
3538,3062
3539,3062
3531,3063
3532,3063
3533,3063
3534,3063
3535,3063
3536,3063
3537,3063
3538,3063
3539,3063
3540,3063
3530,3064
3531,3064
3532,3064
3533,3064
3534,3064
3535,3064
3536,3064
3537,3064
3538,3064
3539,3064
3540,3064
3541,3064
3542,3064
3530,3065
3531,3065
3532,3065
3533,3065
3534,3065
3535,3065
3536,3065
3537,3065
3538,3065
3539,3065
3540,3065
3541,3065
3542,3065
3532,3066
3533,3066
3534,3066
3535,3066
3536,3066
3537,3066
3538,3066
3539,3066
3540,3066
3541,3066
3542,3066
3532,3067
3533,3067
3534,3067
3535,3067
3536,3067
3537,3067
3538,3067
3539,3067
3540,3067
3541,3067
3542,3067
3543,3067
3544,3067
3532,3068
3533,3068
3534,3068
3535,3068
3536,3068
3537,3068
3538,3068
3539,3068
3540,3068
3541,3068
3542,3068
3534,3069
3535,3069
3536,3069
3537,3069
3538,3069
3539,3069
3540,3069
3541,3069
3542,3069
3543,3069
3544,3069
3536,3070
3537,3070
3538,3070
3539,3070
3540,3070
3541,3070
3542,3070
3543,3070
3544,3070
3537,3071
3538,3071
3539,3071
3540,3071
3541,3071
3542,3071
3543,3071
3544,3071
3545,3071
3546,3071
3537,3072
3538,3072
3539,3072
3540,3072
3541,3072
3542,3072
3543,3072
3544,3072
3545,3072
3546,3072
3547,3072
3548,3072
3538,3073
3539,3073
3540,3073
3541,3073
3542,3073
3543,3073
3544,3073
3545,3073
3546,3073
3547,3073
3548,3073
3549,3073
3539,3074
3540,3074
3541,3074
3542,3074
3543,3074
3544,3074
3545,3074
3546,3074
3547,3074
3548,3074
3549,3074
3540,3075
3541,3075
3542,3075
3543,3075
3544,3075
3545,3075
3546,3075
3547,3075
3548,3075
3549,3075
3550,3075
3551,3075
3542,3076
3543,3076
3544,3076
3545,3076
3546,3076
3547,3076
3548,3076
3549,3076
3550,3076
3551,3076
3543,3077
3544,3077
3545,3077
3546,3077
3547,3077
3548,3077
3549,3077
3550,3077
3551,3077
3542,3078
3543,3078
3544,3078
3545,3078
3546,3078
3547,3078
3548,3078
3549,3078
3550,3078
3551,3078
3545,3079
3546,3079
3547,3079
3548,3079
3549,3079
3550,3079
3551,3079
3552,3079
3545,3080
3546,3080
3547,3080
3548,3080
3549,3080
3550,3080
3551,3080
3552,3080
3545,3081
3546,3081
3547,3081
3548,3081
3549,3081
3550,3081
3551,3081
3552,3081
3548,3082
3549,3082
3550,3082
3551,3082
3552,3082
3553,3082
3554,3082
3548,3083
3549,3083
3550,3083
3551,3083
3552,3083
3553,3083
3554,3083
3555,3083
3556,3083
3550,3084
3551,3084
3552,3084
3553,3084
3554,3084
3555,3084
3556,3084
3557,3084
3551,3085
3552,3085
3553,3085
3554,3085
3555,3085
3556,3085
3557,3085
3558,3085
3550,3086
3551,3086
3552,3086
3553,3086
3554,3086
3555,3086
3556,3086
3557,3086
3558,3086
3553,3087
3554,3087
3555,3087
3556,3087
3557,3087
3558,3087
3559,3087
3560,3087
3561,3087
3553,3088
3554,3088
3555,3088
3556,3088
3557,3088
3558,3088
3559,3088
3560,3088
3561,3088
3562,3088
3555,3089
3556,3089
3557,3089
3558,3089
3559,3089
3560,3089
3561,3089
3562,3089
3563,3089
3564,3089
3565,3089
3555,3090
3556,3090
3557,3090
3558,3090
3559,3090
3560,3090
3561,3090
3562,3090
3563,3090
3564,3090
3565,3090
3555,3091
3556,3091
3557,3091
3558,3091
3559,3091
3560,3091
3561,3091
3562,3091
3563,3091
3564,3091
3565,3091
3556,3092
3557,3092
3558,3092
3559,3092
3560,3092
3561,3092
3562,3092
3563,3092
3564,3092
3565,3092
3558,3093
3559,3093
3560,3093
3561,3093
3562,3093
3563,3093
3564,3093
3565,3093
3566,3093
3567,3093
3558,3094
3559,3094
3560,3094
3561,3094
3562,3094
3563,3094
3564,3094
3565,3094
3566,3094
3567,3094
3568,3094
3569,3094
3559,3095
3561,3095
3562,3095
3563,3095
3564,3095
3565,3095
3566,3095
3567,3095
3568,3095
3569,3095
3561,3096
3562,3096
3563,3096
3564,3096
3565,3096
3566,3096
3567,3096
3568,3096
3569,3096
3562,3097
3563,3097
3564,3097
3565,3097
3566,3097
3567,3097
3568,3097
3569,3097
3570,3097
3571,3097
3572,3097
3562,3098
3563,3098
3564,3098
3565,3098
3566,3098
3567,3098
3568,3098
3569,3098
3570,3098
3571,3098
3572,3098
3562,3099
3563,3099
3564,3099
3565,3099
3566,3099
3567,3099
3568,3099
3569,3099
3570,3099
3571,3099
3572,3099
3564,3100
3565,3100
3566,3100
3567,3100
3568,3100
3569,3100
3570,3100
3571,3100
3572,3100
3573,3100
3564,3101
3565,3101
3566,3101
3567,3101
3568,3101
3569,3101
3570,3101
3571,3101
3572,3101
3573,3101
3574,3101
3575,3101
3576,3101
3566,3102
3567,3102
3568,3102
3569,3102
3570,3102
3571,3102
3572,3102
3573,3102
3574,3102
3575,3102
3576,3102
3566,3103
3567,3103
3568,3103
3569,3103
3570,3103
3571,3103
3572,3103
3573,3103
3574,3103
3575,3103
3576,3103
3568,3104
3569,3104
3570,3104
3571,3104
3572,3104
3573,3104
3574,3104
3575,3104
3576,3104
3571,3105
3572,3105
3573,3105
3574,3105
3575,3105
3576,3105
3577,3105
3578,3105
3571,3106
3572,3106
3573,3106
3574,3106
3575,3106
3576,3106
3577,3106
3578,3106
3571,3107
3572,3107
3573,3107
3574,3107
3575,3107
3576,3107
3577,3107
3578,3107
3579,3107
3580,3107
3570,3108
3571,3108
3572,3108
3573,3108
3574,3108
3575,3108
3576,3108
3577,3108
3578,3108
3579,3108
3580,3108
3571,3109
3572,3109
3573,3109
3574,3109
3575,3109
3576,3109
3577,3109
3578,3109
3579,3109
3580,3109
3574,3110
3575,3110
3576,3110
3577,3110
3578,3110
3579,3110
3580,3110
3581,3110
3582,3110
3574,3111
3575,3111
3576,3111
3577,3111
3578,3111
3579,3111
3580,3111
3581,3111
3582,3111
3583,3111
3577,3112
3578,3112
3579,3112
3580,3112
3581,3112
3582,3112
3583,3112
3585,3112
3578,3113
3579,3113
3580,3113
3581,3113
3582,3113
3583,3113
3584,3113
3585,3113
3586,3113
3578,3114
3579,3114
3580,3114
3581,3114
3582,3114
3583,3114
3584,3114
3585,3114
3586,3114
3580,3115
3581,3115
3582,3115
3583,3115
3584,3115
3585,3115
3586,3115
3587,3115
3588,3115
3580,3116
3581,3116
3582,3116
3583,3116
3584,3116
3585,3116
3586,3116
3587,3116
3588,3116
3589,3116
3581,3117
3582,3117
3583,3117
3584,3117
3585,3117
3586,3117
3587,3117
3588,3117
3589,3117
3583,3118
3584,3118
3585,3118
3586,3118
3587,3118
3588,3118
3589,3118
3590,3118
3583,3119
3584,3119
3585,3119
3586,3119
3587,3119
3588,3119
3589,3119
3590,3119
3591,3119
3592,3119
3583,3120
3584,3120
3585,3120
3586,3120
3587,3120
3588,3120
3589,3120
3590,3120
3591,3120
3592,3120
3593,3120
3594,3120
3583,3121
3584,3121
3585,3121
3586,3121
3587,3121
3588,3121
3589,3121
3590,3121
3591,3121
3592,3121
3593,3121
3594,3121
3584,3122
3585,3122
3586,3122
3587,3122
3588,3122
3589,3122
3590,3122
3591,3122
3592,3122
3593,3122
3594,3122
3595,3122
3588,3123
3589,3123
3590,3123
3591,3123
3592,3123
3593,3123
3594,3123
3595,3123
3596,3123
3588,3124
3589,3124
3590,3124
3591,3124
3592,3124
3593,3124
3594,3124
3595,3124
3596,3124
3597,3124
3589,3125
3590,3125
3591,3125
3592,3125
3593,3125
3594,3125
3595,3125
3596,3125
3597,3125
3598,3125
3589,3126
3590,3126
3591,3126
3592,3126
3593,3126
3594,3126
3595,3126
3596,3126
3597,3126
3598,3126
3599,3126
3589,3127
3590,3127
3591,3127
3592,3127
3593,3127
3594,3127
3595,3127
3596,3127
3597,3127
3598,3127
3599,3127
3593,3128
3594,3128
3595,3128
3596,3128
3597,3128
3598,3128
3599,3128
3600,3128
3601,3128
3593,3129
3594,3129
3595,3129
3596,3129
3597,3129
3598,3129
3599,3129
3600,3129
3601,3129
3602,3129
3595,3130
3596,3130
3597,3130
3598,3130
3599,3130
3600,3130
3601,3130
3597,3131
3598,3131
3599,3131
3600,3131
3601,3131
3602,3131
3603,3131
3604,3131
3605,3131
3598,3132
3599,3132
3600,3132
3601,3132
3602,3132
3603,3132
3604,3132
3605,3132
3598,3133
3599,3133
3600,3133
3601,3133
3602,3133
3603,3133
3604,3133
3605,3133
3606,3133
3598,3134
3599,3134
3600,3134
3601,3134
3602,3134
3603,3134
3604,3134
3605,3134
3606,3134
3598,3135
3599,3135
3600,3135
3601,3135
3602,3135
3603,3135
3604,3135
3605,3135
3606,3135
3602,3136
3603,3136
3604,3136
3605,3136
3606,3136
3607,3136
3608,3136
3609,3136
3602,3137
3603,3137
3604,3137
3605,3137
3606,3137
3607,3137
3608,3137
3609,3137
3610,3137
3604,3138
3605,3138
3606,3138
3607,3138
3608,3138
3609,3138
3610,3138
3611,3138
3604,3139
3605,3139
3606,3139
3607,3139
3608,3139
3609,3139
3610,3139
3611,3139
3612,3139
3604,3140
3605,3140
3606,3140
3607,3140
3608,3140
3609,3140
3610,3140
3611,3140
3612,3140
3605,3141
3607,3141
3608,3141
3609,3141
3610,3141
3611,3141
3612,3141
3613,3141
3607,3142
3608,3142
3609,3142
3610,3142
3611,3142
3612,3142
3613,3142
3609,3143
3610,3143
3611,3143
3612,3143
3613,3143
3609,3144
3610,3144
3611,3144
3612,3144
3613,3144
3614,3144
3615,3144
3609,3145
3610,3145
3611,3145
3612,3145
3613,3145
3614,3145
3614,3146
3480,3167
3481,3167
3482,3167
3480,3168
3481,3168
3482,3168
3478,3169
3479,3169
3480,3169
3481,3169
3482,3169
3483,3169
3478,3170
3479,3170
3480,3170
3481,3170
3482,3170
3483,3170
3478,3171
3479,3171
3480,3171
3481,3171
3482,3171
3483,3171
3484,3171
3478,3172
3479,3172
3480,3172
3481,3172
3482,3172
3483,3172
3484,3172
3485,3172
3478,3173
3479,3173
3480,3173
3481,3173
3482,3173
3483,3173
3484,3173
3485,3173
3486,3173
3478,3174
3480,3174
3481,3174
3482,3174
3483,3174
3484,3174
3485,3174
3486,3174
3487,3174
3488,3174
3480,3175
3481,3175
3482,3175
3483,3175
3484,3175
3485,3175
3486,3175
3487,3175
3488,3175
3489,3175
3480,3176
3481,3176
3482,3176
3483,3176
3484,3176
3485,3176
3486,3176
3487,3176
3488,3176
3489,3176
3490,3176
3483,3177
3484,3177
3485,3177
3486,3177
3487,3177
3488,3177
3489,3177
3490,3177
3483,3178
3484,3178
3485,3178
3486,3178
3487,3178
3488,3178
3489,3178
3490,3178
3485,3179
3486,3179
3487,3179
3488,3179
3489,3179
3490,3179
3491,3179
3492,3179
3493,3179
3485,3180
3486,3180
3487,3180
3488,3180
3489,3180
3490,3180
3491,3180
3492,3180
3493,3180
3494,3180
3485,3181
3486,3181
3487,3181
3488,3181
3489,3181
3490,3181
3491,3181
3492,3181
3493,3181
3485,3182
3487,3182
3488,3182
3489,3182
3490,3182
3491,3182
3492,3182
3493,3182
3494,3182
3495,3182
3496,3182
3485,3183
3487,3183
3488,3183
3489,3183
3490,3183
3491,3183
3492,3183
3493,3183
3494,3183
3495,3183
3496,3183
3497,3183
3487,3184
3489,3184
3490,3184
3491,3184
3492,3184
3493,3184
3494,3184
3495,3184
3496,3184
3497,3184
3498,3184
3491,3185
3492,3185
3493,3185
3494,3185
3495,3185
3496,3185
3497,3185
3498,3185
3491,3186
3492,3186
3493,3186
3494,3186
3495,3186
3496,3186
3497,3186
3498,3186
3499,3186
3492,3187
3493,3187
3494,3187
3495,3187
3496,3187
3497,3187
3498,3187
3499,3187
3492,3188
3493,3188
3494,3188
3495,3188
3496,3188
3497,3188
3498,3188
3499,3188
3500,3188
3493,3189
3494,3189
3495,3189
3496,3189
3497,3189
3498,3189
3499,3189
3495,3190
3496,3190
3497,3190
3498,3190
3499,3190
3500,3190
3501,3190
3496,3191
3497,3191
3498,3191
3499,3191
3500,3191
3501,3191
3498,3192
3501,3192
3502,3192
3501,3193
3502,3193
3501,3194
3502,3194
3447,3291
3448,3291
3446,3292
3447,3292
3448,3292
3449,3292
3450,3292
3444,3293
3445,3293
3446,3293
3447,3293
3448,3293
3449,3293
3450,3293
3444,3294
3445,3294
3446,3294
3447,3294
3448,3294
3449,3294
3450,3294
3444,3295
3445,3295
3446,3295
3447,3295
3448,3295
3449,3295
3450,3295
3451,3295
3452,3295
3453,3295
3444,3296
3445,3296
3446,3296
3447,3296
3448,3296
3449,3296
3450,3296
3451,3296
3452,3296
3453,3296
3454,3296
3444,3297
3445,3297
3446,3297
3447,3297
3448,3297
3449,3297
3450,3297
3451,3297
3452,3297
3453,3297
3454,3297
3446,3298
3447,3298
3448,3298
3449,3298
3450,3298
3451,3298
3452,3298
3453,3298
3454,3298
3455,3298
3446,3299
3447,3299
3448,3299
3449,3299
3450,3299
3451,3299
3452,3299
3453,3299
3454,3299
3455,3299
3447,3300
3448,3300
3449,3300
3450,3300
3451,3300
3452,3300
3453,3300
3454,3300
3455,3300
3456,3300
3457,3300
3449,3301
3450,3301
3451,3301
3452,3301
3453,3301
3454,3301
3455,3301
3456,3301
3457,3301
3458,3301
3449,3302
3450,3302
3451,3302
3452,3302
3453,3302
3454,3302
3455,3302
3456,3302
3457,3302
3451,3303
3452,3303
3453,3303
3454,3303
3455,3303
3456,3303
3457,3303
3458,3303
3459,3303
3460,3303
3451,3304
3452,3304
3453,3304
3454,3304
3455,3304
3456,3304
3457,3304
3458,3304
3459,3304
3460,3304
3454,3305
3455,3305
3456,3305
3457,3305
3458,3305
3459,3305
3460,3305
3461,3305
3462,3305
3463,3305
3464,3305
3453,3306
3454,3306
3455,3306
3456,3306
3457,3306
3458,3306
3459,3306
3460,3306
3461,3306
3462,3306
3463,3306
3464,3306
3453,3307
3454,3307
3455,3307
3456,3307
3457,3307
3458,3307
3459,3307
3460,3307
3461,3307
3462,3307
3463,3307
3464,3307
3455,3308
3456,3308
3457,3308
3458,3308
3459,3308
3460,3308
3461,3308
3462,3308
3463,3308
3464,3308
3465,3308
3466,3308
3456,3309
3457,3309
3458,3309
3459,3309
3460,3309
3461,3309
3462,3309
3463,3309
3464,3309
3465,3309
3466,3309
3458,3310
3459,3310
3460,3310
3461,3310
3462,3310
3463,3310
3464,3310
3465,3310
3466,3310
3467,3310
3468,3310
3469,3310
3458,3311
3459,3311
3460,3311
3461,3311
3462,3311
3463,3311
3464,3311
3465,3311
3466,3311
3467,3311
3468,3311
3469,3311
3458,3312
3459,3312
3460,3312
3461,3312
3462,3312
3463,3312
3464,3312
3465,3312
3466,3312
3467,3312
3468,3312
3469,3312
3460,3313
3461,3313
3462,3313
3463,3313
3464,3313
3465,3313
3466,3313
3467,3313
3468,3313
3469,3313
3470,3313
3471,3313
3472,3313
3460,3314
3461,3314
3462,3314
3463,3314
3464,3314
3465,3314
3466,3314
3467,3314
3468,3314
3469,3314
3470,3314
3471,3314
3472,3314
3460,3315
3461,3315
3462,3315
3463,3315
3464,3315
3465,3315
3466,3315
3467,3315
3468,3315
3469,3315
3470,3315
3471,3315
3472,3315
3463,3316
3464,3316
3465,3316
3466,3316
3467,3316
3468,3316
3469,3316
3470,3316
3471,3316
3472,3316
3465,3317
3466,3317
3467,3317
3468,3317
3469,3317
3470,3317
3471,3317
3472,3317
3473,3317
3466,3318
3467,3318
3468,3318
3469,3318
3470,3318
3471,3318
3472,3318
3473,3318
3474,3318
3475,3318
3467,3319
3468,3319
3469,3319
3470,3319
3471,3319
3472,3319
3473,3319
3474,3319
3475,3319
3467,3320
3468,3320
3469,3320
3470,3320
3471,3320
3472,3320
3473,3320
3474,3320
3475,3320
3470,3321
3471,3321
3472,3321
3473,3321
3474,3321
3475,3321
3476,3321
3477,3321
3478,3321
3471,3322
3472,3322
3473,3322
3474,3322
3475,3322
3476,3322
3477,3322
3478,3322
3472,3323
3473,3323
3474,3323
3475,3323
3476,3323
3477,3323
3478,3323
3479,3323
3480,3323
3481,3323
3472,3324
3473,3324
3474,3324
3475,3324
3476,3324
3477,3324
3478,3324
3479,3324
3480,3324
3481,3324
3473,3325
3474,3325
3475,3325
3476,3325
3477,3325
3478,3325
3479,3325
3480,3325
3481,3325
3482,3325
3474,3326
3475,3326
3476,3326
3477,3326
3478,3326
3479,3326
3480,3326
3481,3326
3482,3326
3483,3326
3475,3327
3476,3327
3477,3327
3478,3327
3479,3327
3480,3327
3481,3327
3482,3327
3483,3327
3484,3327
3476,3328
3477,3328
3478,3328
3479,3328
3480,3328
3481,3328
3482,3328
3483,3328
3484,3328
3485,3328
3486,3328
3477,3329
3478,3329
3479,3329
3480,3329
3481,3329
3482,3329
3483,3329
3484,3329
3485,3329
3486,3329
3478,3330
3479,3330
3480,3330
3481,3330
3482,3330
3483,3330
3484,3330
3485,3330
3479,3331
3480,3331
3481,3331
3482,3331
3483,3331
3484,3331
3485,3331
3486,3331
3487,3331
3488,3331
3480,3332
3481,3332
3482,3332
3483,3332
3484,3332
3485,3332
3486,3332
3487,3332
3488,3332
3480,3333
3481,3333
3482,3333
3483,3333
3484,3333
3485,3333
3486,3333
3487,3333
3482,3334
3483,3334
3484,3334
3485,3334
3486,3334
3487,3334
3488,3334
3489,3334
3482,3335
3483,3335
3484,3335
3485,3335
3486,3335
3487,3335
3488,3335
3489,3335
3483,3336
3484,3336
3485,3336
3486,3336
3487,3336
3488,3336
3489,3336
3490,3336
3491,3336
3492,3336
3493,3336
3483,3337
3484,3337
3485,3337
3486,3337
3487,3337
3488,3337
3489,3337
3490,3337
3491,3337
3492,3337
3484,3338
3485,3338
3486,3338
3487,3338
3488,3338
3489,3338
3490,3338
3491,3338
3492,3338
3486,3339
3487,3339
3488,3339
3489,3339
3490,3339
3491,3339
3492,3339
3493,3339
3494,3339
3495,3339
3496,3339
3488,3340
3489,3340
3490,3340
3491,3340
3492,3340
3493,3340
3494,3340
3495,3340
3496,3340
3497,3340
3490,3341
3491,3341
3492,3341
3493,3341
3494,3341
3495,3341
3496,3341
3497,3341
3498,3341
3489,3342
3490,3342
3491,3342
3492,3342
3493,3342
3494,3342
3495,3342
3496,3342
3497,3342
3498,3342
3490,3343
3491,3343
3492,3343
3493,3343
3494,3343
3495,3343
3496,3343
3497,3343
3498,3343
3491,3344
3492,3344
3493,3344
3494,3344
3495,3344
3496,3344
3497,3344
3498,3344
3499,3344
3500,3344
3492,3345
3493,3345
3494,3345
3495,3345
3496,3345
3497,3345
3498,3345
3499,3345
3500,3345
3492,3346
3493,3346
3494,3346
3495,3346
3496,3346
3497,3346
3498,3346
3499,3346
3500,3346
3493,3347
3494,3347
3495,3347
3496,3347
3497,3347
3498,3347
3499,3347
3500,3347
3501,3347
3502,3347
3503,3347
3495,3348
3496,3348
3497,3348
3498,3348
3499,3348
3500,3348
3501,3348
3502,3348
3495,3349
3496,3349
3497,3349
3498,3349
3499,3349
3500,3349
3501,3349
3502,3349
3503,3349
3504,3349
3497,3350
3498,3350
3499,3350
3500,3350
3501,3350
3502,3350
3503,3350
3504,3350
3498,3351
3499,3351
3500,3351
3501,3351
3502,3351
3503,3351
3504,3351
3505,3351
3506,3351
3498,3352
3499,3352
3500,3352
3501,3352
3502,3352
3503,3352
3504,3352
3505,3352
3506,3352
3507,3352
3499,3353
3500,3353
3501,3353
3502,3353
3503,3353
3504,3353
3505,3353
3506,3353
3507,3353
3508,3353
3501,3354
3502,3354
3503,3354
3504,3354
3505,3354
3506,3354
3507,3354
3508,3354
3509,3354
3510,3354
3501,3355
3502,3355
3503,3355
3504,3355
3505,3355
3506,3355
3507,3355
3508,3355
3509,3355
3510,3355
3502,3356
3503,3356
3504,3356
3505,3356
3506,3356
3507,3356
3508,3356
3509,3356
3505,3357
3506,3357
3507,3357
3508,3357
3509,3357
3510,3357
3511,3357
3512,3357
3505,3358
3506,3358
3507,3358
3508,3358
3509,3358
3510,3358
3511,3358
3512,3358
3507,3359
3508,3359
3509,3359
3510,3359
3511,3359
3512,3359
3513,3359
3514,3359
3515,3359
3507,3360
3508,3360
3509,3360
3510,3360
3511,3360
3512,3360
3513,3360
3514,3360
3515,3360
3507,3361
3508,3361
3509,3361
3510,3361
3511,3361
3512,3361
3513,3361
3514,3361
3515,3361
3509,3362
3510,3362
3511,3362
3512,3362
3513,3362
3514,3362
3515,3362
3516,3362
3509,3363
3510,3363
3511,3363
3512,3363
3513,3363
3514,3363
3515,3363
3509,3364
3510,3364
3511,3364
3512,3364
3513,3364
3514,3364
3515,3364
3516,3364
3511,3365
3512,3365
3513,3365
3514,3365
3515,3365
3516,3365
3512,3366
3513,3366
3514,3366
3515,3366
3516,3366
